ID,Issue_name,Contents,Contentes(Spec),Start_date,Fin_date,근거자료,카테고리
PN_001,청년고용 대책,청년 일자리 50만개 창출을 목표로 하는 정책,"1995년 1월 1일부터 2008년 12월 31일까지 국회, 기획재정부, 금융위원회 등에서 발표된 청년고용 대책으로, 청년 일자리 50만개 창출을 목표로 하고 있다. 이는 현재도 청년 실업 문제와 관련이 있을 것으로 예상된다.",1995-01-01,2008-12-31,"2014년 정책브리핑_2014.json 문서34번 (근거: 국회, 기획재정부, 금융위원회 발표) [현재연관성: 현재의 청년 실업 문제와 연결 가능]","경제정책, 노동고용"
PN_002,한국거래소(KRX)의 파생상품 증거금률 변화와 시장 영향,1996년부터 현재까지 KRX의 파생상품 증거금률 변화가 시장의 변동성과 거래량에 미치는 영향을 연구한 내용,"과거의 연구들은 증거금수준의 감소가 변동성을 증가시키고 거래량을 증가시킨다는 결론을 내렸으나, 일부 연구는 이를 부인하고 있다. 본 연구는 코스피200선물의 위탁증거금률이 감소했을 때 변동성이 증가하는지, 거래량이 증가하는지 분석하고자 한다.",1996-05-03,현재,"2013년 KRX_정기간행물_연도별자료_2013.json 문서39번 (근거: KRX의 파생상품 증거금률 변경 내역, 연구 결과) [현재연관성: KRX의 파생상품 증거금률 변화는 현재도 금융시장의 안정성과 거래 활성화에 영향을 미칠 수 있으며, 정책 결정에도 영향을 줄 수 있다.]","경제정책, 금융시장"
PN_003,한국의 FTA 추진 및 협상 상황,한국의 FTA 추진 및 협상 상황에 대한 과거 중요 이슈,"2012년 기사에서는 한국의 FTA 추진과 협상 상황에 대해 다뤄졌습니다. 한국은 2000년대 초반에는 FTA가 전무했지만, 이후 한·칠레FTA를 비롯한 여러 FTA를 체결하고 발효시켰으며, 미국, 캐나다, 중국과의 협상도 진행 중이었습니다. FTA를 통해 우리 산업의 대외 진출 기회를 확대하고, 서비스, 지식재산권 분야도 포함되어 있었습니다.",2000-01-01,2012-06-13,"2012년 정책브리핑_2012.json 문서27번 (근거: 2000년 당시 세계무역기구(WTO) 회원국 중에서 FTA가 전무한 국가는 한국, 일본, 몽골 세 나라였다.) [현재연관성: 한국의 FTA 추진과 협상 상황은 현재도 계속되고 있으며, 국내 산업 및 국민에 영향을 미치는 중요한 이슈로 계속해서 다뤄지고 있습니다.]","국제경제, 산업동향"
PN_004,고속철도(KTX) 운영 개시 10주년,2004년 4월 1일에 고속철도(KTX)가 개통된 것을 기념하여 2014년 9월 30일에 10주년 행사가 개최될 예정이다.,"2004년 4월 1일에 고속철도(KTX)가 개통되어 10주년을 맞이하게 되었고, 이를 기념하여 2014년 9월 30일에 특별 행사가 개최될 예정이다. 이는 국내 교통 인프라의 발전과 함께 고속철도가 국민들에게 친숙한 교통수단으로 자리매김한 것을 상징한다.",2004-04-01,2014-09-30,2014년 정책브리핑_2014.json 문서17번 (근거: 2004년 4월 1일 고속철도(KTX) 개통) [현재연관성: 현재 뉴스와 연결 가능한 이유는 국내 교통 인프라의 발전과 고속철도의 역사적 중요성이 현재에도 영향을 미치고 있기 때문이다.],교통/인프라
PN_005,한국 거래소(KRX)의 시장 통합 및 출범,"2004년 KSE, KOSDAQ, KOSDAQ 위원회 및 KOFEX가 시장 통합 및 한국 거래소(KRX) 출범을 합의함","2004년 7월, 한국 거래소(KRX)의 출범을 위해 KSE, KOSDAQ, KOSDAQ 위원회 및 KOFEX가 시장 통합 및 합의를 이룸. 이로써 한국 거래소(KRX)가 2005년 1월에 출범하게 되었음.",04-Jul,05-Jan,"2012년 KRX_정기간행물_연도별자료_2012.json 문서1번 (근거: KRX Fact Book 2011) [현재연관성: 한국 거래소(KRX)의 출범 및 시장 통합은 한국의 금융 시장 구조에 영향을 미치며, 현재도 한국의 증시 및 파생상품 시장에 대한 이해와 연구에 중요한 역할을 함]",기업경영
PN_006,한국거래소의 유가증권 시장 변동성 증가,"한국거래소의 유가증권 시장에서 2012년 1월까지의 자료를 분석한 결과, 거래비용이 증가하고 시장변동성이 확대되는 경향을 확인함","2012년 1월까지의 자료를 분석한 결과, 거래비용이 0.3%에서 0.015%로 감소하고, 시장변동성이 확대되는 경향을 보였다. 이는 데이트레이딩 전략을 이용한 투자자들의 매매이익에 영향을 미칠 수 있는 중요한 변화로 해석될 수 있다.",2005-12-01,2012-01-31,"2014년 KRX_정기간행물_연도별자료_2014.json 문서15번 (근거: 거래비용이 0.3%에서 0.015%로 감소하고, 시장변동성이 확대되는 경향) [현재연관성: 현재의 금융시장에서 거래비용과 시장변동성이 중요한 이슈로 계속 다뤄지고 있으며, 이러한 경향은 현재의 시장 상황과 연결될 수 있다.]","금융시장, 산업동향"
PN_007,2007~2012년 중공공부문 경제활동 결과 분석,과거 중공공부문의 경제활동 결과를 분석한 내용,"2014년에 분석된 2007~2012년 중공공부문의 경제활동 결과는 현재의 공공부문의 경제활동에도 영향을 미칠 수 있으며, 정책 결정에도 영향을 줄 수 있음.",2007-01-01,2012-12-31,2014년 경제전망보고서_2014.json 문서3번 (근거: 2014년 7월 10일에 발표된 경제전망보고서) [현재연관성: 과거 중공공부문의 경제활동 결과가 현재의 공공부문의 경제활동 및 정책에 영향을 미칠 수 있음],"경제정책, 부동산"
PN_008,중소기업 자금조달 현황과 KONEX 신설방안,중소기업의 자금조달 현황과 KONEX 시장 신설방안에 대한 과거 중요 이슈,"과거 중소기업의 자금조달은 주로 은행대출을 통해 이루어졌으며, 주식이나 회사채 발행을 통한 자금조달이 어려웠던 것으로 나타났습니다. 이에 KONEX 시장이 신설되어 중소기업의 자금조달을 촉진하고자 하는 방안이 제시되었습니다.",2007-12-01,2012-03-01,"2012년 KRX_정기간행물_연도별자료_2012.json 문서38번 (근거: 중소기업의 자금조달 현황 및 문제점에 대한 연차보고서 자료) [현재연관성: 현재 중소기업의 자금조달 문제와 자본시장 활성화에 대한 관심이 높아지고 있으며, KONEX와 같은 새로운 시장 모델이 계속해서 논의되고 있습니다.]","금융시장, 기업경영"
PN_009,문화활동을 통한 지역경제 활성화,과거에 전통시장 상인들이 문화활동을 통해 지역경제를 활성화한 사례,"과거에 전통시장 상인들이 문화활동을 통해 지역경제를 활성화한 사례가 있었습니다. 이를 통해 상인들의 노력으로 매출액이 세 배나 늘었고, 유동인구도 상승했습니다. 이러한 지역문화공동체 활동은 지역경제에 긍정적인 영향을 미쳤습니다.",2008-01-01,2013-07-15,"2013년 정책브리핑_2013.json 문서18번 (근거: 2008년부터 못골시장 상인들이 문화활동을 통해 지역경제를 활성화한 사례) [현재연관성: 현재 지역경제 활성화를 위해 지역문화공동체 활동이 중요시되고 있으며, 이를 통해 지역경제에 긍정적인 영향을 미칠 수 있음]","경제정책, 지역경제"
PN_010,음악 산업의 변화와 국내 콘텐츠 시장 규모,2008년부터 2014년까지 국내 콘텐츠 시장 규모가 상당히 증가함,"2008년 8조4,124억원에서 2014년에는 12조6천억원으로 50% 이상 성장함. 음악 산업의 중요성이 증가하고 있음",2008-01-01,2014-12-31,"2014년 정책브리핑_2014.json 문서8번 (근거: 한국저작권단체연합회의 ‘2014 저작권 보호 연차보고서’) [현재연관성: 현재 음악 산업의 변화와 국내 콘텐츠 시장 규모는 계속해서 주목받고 있으며, 이는 현재 음악 시장 및 콘텐츠 산업에 대한 관심을 불러일으킬 수 있음]",산업동향
PN_011,한국의 국가브랜드 가치 향상,"2009년에 국가브랜드에 대한 관심이 높아지고, 한국의 국가브랜드 지수가 낮은 것이 발견됨.","2009년에는 국가브랜드에 대한 관심이 높아졌으며, 한국의 국가브랜드 지수가 낮은 것으로 나타났다. 이는 외국인들이 한국 제품을 저평가하고 있음을 시사하며, 이는 외국인들이 방문하고 싶은 나라로서의 이미지를 향상시키기 위해 국가브랜드 가치 향상이 필요하다.",2009-01-01,2009-12-31,"2009년 정책브리핑_2009.json 문서4번 (근거: 안홀트-GMI사의 국가브랜드지수(NBI) 순위를 통한 분석) [현재연관성: 한국의 국가브랜드 가치 향상은 현재도 중요한 이슈로 다양한 정책 및 마케팅 노력이 진행 중이며, 국제 경제 환경에서의 경쟁력 강화에 연결될 수 있다.]","경제정책, 국제경제"
PN_012,한국의 경제 회복과 녹색성장 정책,"한국의 경제가 글로벌 경제 위기를 극복하며 빠른 회복세를 보이고 있으며, 녹색성장 정책이 활발히 추진되고 있는 상황","2009년 한국은 글로벌 경제 위기를 빠르게 극복하고 경제 회복세를 보이고 있었으며, 녹색성장 정책이 활발히 추진되고 있었습니다. 이러한 경제 회복과 녹색성장 정책은 현재도 한국의 경제 및 환경 정책에 영향을 미치고 있습니다.",2009-01-01,2009-12-31,"2009년 정책브리핑_2009.json 문서15번 (근거: 한국의 경제가 글로벌 경제 위기를 극복하고 빠른 회복세를 보이고 있음, 녹색성장 정책이 활발히 추진 중) [현재연관성: 한국의 경제 회복 및 녹색성장 정책은 현재도 중요한 이슈로 다뤄지고 있으며, 환경 문제와 경제 발전을 동시에 고려하는 정책이 각국에서 주목받고 있음]","경제정책, 환경정책"
PN_013,한국의 문화경제 발전,2011년 <위클리 공감> 100호 기념 기사에서 언급된 한국의 문화경제 발전에 대한 이슈,"과거에는 한국이 경제적으로 성장하면서 문화와 경제의 상호 관련성을 연구하는 문화경제학자들이 축하를 했으며, 영국에서의 경험을 통해 한국과의 차이를 발견하고 문화적인 자극과 협동의 문화를 강조했던 내용이 포함되어 있습니다. 이러한 문화경제 발전은 현재도 한국의 사회 및 경제에 영향을 미칠 수 있는 중요한 이슈로 다뤄질 수 있습니다.",09-Mar,2011-03-09,"2011년 정책브리핑_2011.json 문서37번 (근거: 2011.03.09 <위클리 공감> 100호 기념 기사) [현재연관성: 한국의 문화경제 발전은 현재도 계속되고 있으며, 사회 및 경제에 미치는 영향이 지속적으로 관심을 받고 있습니다.]","경제정책, 사회이슈"
PN_014,한국 경제의 회복세,2009년 3분기에 한국 경제가 성장세를 보이며 위기에서 회복하는 모습을 보였다.,"2009년 3분기에 한국 경제는 전년 동기 대비 2.9%의 높은 성장률을 기록하며 회복세를 보였다. 이는 정부와 민간 부문이 각각 1.9%와 3.8%포인트의 성장을 이루어냈고, 일본과 미국, 유럽연합 등의 성장세를 통해 민간 소비를 촉진하는 역할을 수행했다.",2009-07-01,2009-09-30,"2009년 정책브리핑_2009.json 문서6번 (근거: 2009년 3분기 한국 경제 성장률 2.9%) [현재연관성: 현재의 경제 상황과 비교하면, 2009년의 회복세가 어떤 정책적 조치와 국제적 상황 변화에 의해 이루어졌는지 비교하며 분석할 수 있을 것이다.]","경제정책, 국제경제"
PN_015,한국 거래소 상장기업 부도 및 회생 절차 현황,한국 거래소에 상장된 기업들 중 부도 및 회생 절차를 경험한 사례들을 분석한 내용,"과거 3년간 한국 거래소에 상장된 기업 중 부도 및 회생 절차를 경험한 45개 기업에 대한 분석 결과가 제시되었으며, 이를 통해 부도 징후와 회생 절차에 대한 패턴을 파악하고자 함. 특히, 웅진홀딩스와 극동건설의 부도 및 회생 절차를 통해 대형 기업의 재무 안정성에 대한 우려가 높아졌던 상황이 다루어졌다.",2010-01-01,2013-12-31,"2013년 KRX_정기간행물_연도별자료_2013.json 문서30번 (근거: 웅진홀딩스의 부도 및 회생 절차를 통한 대형 기업의 재무 안정성 우려) [현재연관성: 현재 대형 기업의 재무 안정성과 부도 징후에 대한 관심이 여전히 높으며, 이를 통해 현재 상장 기업들의 재무 건전성을 점검하는 중요성이 부각되고 있음]","금융시장, 부동산"
PN_016,규제개혁과 경제성장,과거에 이루어진 규제개혁이 경제성장에 긍정적인 영향을 미쳤음,2010년에 OECD에서 '고성장 국가군'으로 평가받을 정도의 경제성장을 이룩한 것은 규제개혁의 성과로 볼 수 있습니다. 규제개혁을 통해 불필요한 행정규제를 폐지하고 새로운 규제를 합리적으로 운영함으로써 국민과 기업의 경제활동을 촉진하고 경제성장을 이룩했습니다.,2010-01-01,2010-12-31,"2011년 정책브리핑_2011.json 문서36번 (근거: 2010년에 OECD에서 '고성장 국가군'으로 평가받음) [현재연관성: 현재도 규제개혁이 경제성장에 미치는 영향이 논의되고 있으며, 규제개혁이 경제 활성화와 성장 촉진에 중요한 역할을 할 수 있다는 주장이 있음]","경제정책, 규제정책"
PN_017,해군 초계함 천안함 사고,"2010년 3월 26일 서해에서 침몰한 해군 초계함 천안함의 함미 부분이 4월 15일 인양되었고, 이로 인해 47명의 장병이 명복을 빈다.","해군 초계함 천안함 사고는 2010년 3월 26일 발생한 사건으로, 20일간의 수색 작업 끝에 함미 부분이 4월 15일 인양되었다. 이로 인해 47명의 장병이 명복을 빈다는 소식이 전해졌다. 이 사고는 국민들에게 큰 슬픔을 안겼고, 산화한 젊은 용사들의 희생정신을 기리는 시간이었다.",2010-03-26,2010-04-15,"2010년 정책브리핑_2010.json 문서34번 (근거: 해군 초계함 천안함 사고, 47명의 장병) [현재연관성: 해군 초계함 천안함 사고는 국민들에게 큰 충격을 주었고, 이러한 국가적 재난은 현재도 안타깝게 회상되는 사건으로 연결될 수 있다.]",사회이슈
PN_018,F1 코리아그랑프리를 통한 지역 경제 활성화,"2010 F1 코리아그랑프리를 통해 전남지역의 생산유발과 고용유발 효과가 나타났으며, 말레이시아의 성공 사례를 통해 F1이 지역 경제를 변화시킬 수 있는 가능성을 보여줌","2010 F1 코리아그랑프리를 통해 전남지역의 생산유발효과는 4천2백억원, 고용유발효과는 2천여명에 달했으며, 말레이시아는 F1 대회기간동안 1억5천만달러의 관광수익을 거뒀다. 이를 통해 F1이 지역 경제를 변화시킬 수 있는 가능성을 보여줌.",2010-10-22,2010-10-24,"2010년 정책브리핑_2010.json 문서10번 (근거: 한국개발연구원(KDI) 분석 결과, 말레이시아의 F1 대회기간 관광수익) [현재연관성: F1 코리아그랑프리를 통한 지역 경제 활성화는 현재도 지역 경제 활성화를 위한 스포츠 이벤트의 중요성을 강조하는 논의와 연결될 수 있음]","경제정책, 지역경제"
PN_019,10년국채선물 시장 활성화 정책,2010년 10월에 시행된 10년국채선물 시장 활성화 정책의 2주년 성과 분석,"2010년 10월에 정책당국과 거래소가 협의하여 10년국채선물 시장 활성화 방안을 시행하였고, 2주년을 맞이한 2012년에 성과를 분석한 내용이다. 거래량과 미결제약정수량이 증가하며 시장이 활성화되었으며, 시장조성기능의 강화와 거래편의성 제고가 이루어졌다.",2010-10-25,2012-10-31,"2012년 KRX_정기간행물_연도별자료_2012.json 문서34번 (근거: 10년국채선물 거래량이 77배 증가하고, 미결제약정수량은 22배 증가한 것으로 나타남) [현재연관성: 현재의 금융시장에서도 정책 변화와 시장 활성화에 대한 관심이 높아지고 있으며, 이러한 경험과 성과를 참고할 수 있음]","경제정책, 금융시장"
PN_020,2011년 증권시장 하락 및 글로벌 경제 불안,2011년 증권시장은 상고하저의 흐름을 보여 KOSPI가 5월 사상 최고치를 기록하였으나 8월 이후 미국및 유럽의 소버린쇼크 등 글로벌 악재 부각으로 11.0% 하락으로 마감하였다.,2011년 증권시장에서는 KOSPI가 5월에 사상 최고치를 기록한 뒤 미국 및 유럽의 소버린쇼크 등 글로벌 악재로 인해 11.0% 하락하였습니다. 이는 미국신용등급 강등 및 유로존 존재정위기 확산 우려 등으로 인한 것으로 보입니다.,2011-01-01,2011-12-31,2012년 KRX_정기간행물_연도별자료_2012.json 문서31번 (근거: KOSPI가 5월에 사상 최고치를 기록한 뒤 11.0% 하락) [현재연관성: 현재의 글로벌 경제 불안 상황과 연결지을 수 있음],"경제정책, 금융시장"
PN_021,한국거래소 불공정거래 예방활동의 효과성,한국거래소가 운영 중인 불공정거래 사전예방제도의 효과성을 분석한 결과를 제시,"2011년에 새로운 시장감시시스템이 도입되면서 불공정거래 예방활동의 효과성을 분석한 결과를 보여줌. 예방조치요구제도를 통해 건전한 매매를 유도하고, 시장건전성을 확보하기 위한 노력을 기술함.",2011-01-01,2012-12-31,"2012년 KRX_정기간행물_연도별자료_2012.json 문서32번 (근거: 위원회가 운영 중인 불공정거래 사전예방제도의 효과성을 분석한 결과) [현재연관성: 한국거래소의 불공정거래 예방활동이 현재도 계속되고 있으며, 이를 통해 시장의 건전성을 유지하고자 하는 노력이 이어지고 있음]",금융시장
PN_022,불공정거래 혐의 통보 현황 변화,"2011년 코스닥 시장에서 불공정거래가 가장 많이 발생했으며, 시세조종과 미공개중요정보 이용 등 복합형 불공정거래가 증가했다.","2011년 코스닥 시장에서 불공정거래가 가장 많이 발생했으며, ELW 시장은 감소했지만 선물·옵션 시장은 증가했다. 불공정거래 혐의유형별로 시세조종과 미공개중요정보 이용 등이 많이 발생했으며, 특히 코스닥 시장에서는 복합형 불공정거래가 빈번히 발생했다.",2011-01-01,2011-12-31,"2012년 KRX_정기간행물_연도별자료_2012.json 문서35번 (근거: 코스닥 시장에서 불공정거래가 가장 많이 발생했으며, ELW 시장은 시장건전화조치 영향으로 크게 감소했다.) [현재연관성: 현재 뉴스와 연결 가능한 이유는 불공정거래 혐의가 계속해서 발생하고 있으며, 시세조종과 미공개중요정보 이용 등의 유형이 여전히 존재한다.]",금융시장
PN_023,거래소 합병 및 시스템 강화 이슈,2011년에는 세계 주요 거래소들 간의 합병 및 시스템 강화가 활발히 진행되었음,"2011년에는 독일거래소와 NYSE Euronext, 동경거래소와 오사카거래소, 싱가폴거래소와 호주거래소, 런던거래소와 TMX 그룹 등 주요 거래소들 간의 합병 논의가 있었으며, IT 및 시스템 부문을 강화하기 위한 노력도 이뤄졌음.",2011-01-01,2011-12-31,"2012년 KRX_정기간행물_연도별자료_2012.json 문서40번 (근거: 2011년에 독일거래소와 NYSE Euronext, 동경거래소와 오사카거래소, 싱가폴거래소와 호주거래소, 런던거래소와 TMX 그룹 등의 합병 논의가 있었음) [현재연관성: 현재도 금융시장에서 거래소 간의 합병 및 시스템 강화가 이슈로 떠오를 수 있음]","금융시장, 국제경제"
PN_024,2011년 유로존 부채 문제와 한국의 경제 성장,2011년 유로존 부채 문제로 인한 세계 경제 침체와 한국의 성장률 상승,"2011년 유로존을 비롯한 국가들의 부채 문제로 세계 경제가 침체하면서 한국은 성장세를 유지하고 있었으나 국내에서는 성장에 대한 비판이 증가하고 있었음. 이는 거시경제와 미시경제의 괴리로 해석되며, 세계의 경제평가는 거시 지표를 중심으로 이루어지는 반면 국민은 자기 가정경제에 더 관심을 두고 있었음.",2011-01-01,2011-12-31,"2011년 정책브리핑_2011.json 문서2번 (근거: 2011년 유로존 부채 문제로 인한 세계 경제 침체, 한국의 성장률 상승) [현재연관성: 유로존 부채 문제는 현재도 유럽의 경제 상황에 영향을 미치고 있으며, 한국의 성장 모델과 거시/미시 경제의 괴리는 여전히 경제평가의 중요한 이슈로 남아 있음]","경제정책, 국제경제"
PN_025,다문화가정 지원 정책,"2014년에 다문화가정을 위한 '친정엄마 맺기' 결연식이 마련되었으며, 이주여성과 한국인 친정엄마를 연결해주는 프로그램이 진행되었음.","2011년에 시작된 '친정엄마 맺기' 프로그램은 이주여성과 한국인 친정엄마를 연결하여 서로의 삶에 희망을 불어넣고 지원하는 프로그램으로, 총 서른 명의 '친정엄마'가 결연을 맺었으며, 이주여성들은 친정엄마를 가족으로 여기고 소통하며 행복을 찾았음.",2011-01-01,현재,"2014년 정책브리핑_2014.json 문서32번 (근거: 2011년 결혼이주여성과의 '친정엄마 맺기' 결연식을 마련) [현재연관성: 다문화가정 지원 정책은 현재도 사회적 이슈로 화두이며, 이주여성 및 다문화가정의 지원이 중요한 사안으로 다뤄지고 있음.]",사회이슈
PN_026,2011-2012년 KRX 상장법인 분석 결과,"2011-2012년 KRX 상장법인 중 65.38%는 제조업, 34.62%는 비제조업에 속하며, 일부 기업은 감사의견이 비적정한 상태였음.","2011-2012년 KRX 상장법인 중 제조업 기업이 408개로 65.38%를 차지하고, 비제조업 기업이 216개로 34.62%를 차지했다. 또한, 일부 기업은 감사의견이 비적정한 상태였으며, 이는 현재도 기업의 재무 건전성과 신뢰성에 영향을 줄 수 있는 중요한 이슈로 연결될 수 있다.",11-Dec,12-Dec,"2013년 KRX_정기간행물_연도별자료_2013.json 문서17번 (근거: KRX Market 41에서 제조업 기업이 65.38%, 비제조업 기업이 34.62%를 차지한다는 정보) [현재연관성: 현재 기업의 감사의견이나 재무 건전성에 대한 논의가 이어지고 있으며, 제조업과 비제조업 기업의 비중 변화가 경제 및 산업 동향에 영향을 미칠 수 있음]","금융시장, 산업동향"
PN_027,파생상품시장 거래량 감소,"2012년 전세계 파생상품 거래량이 전년대비 15.3% 감소한 것으로 나타났으며, KRX를 제외한 전세계 감소율은 8.1%로 축소되었다.","2012년 전세계 파생상품 거래량이 전년대비 15.3% 감소한 것으로 나타났으며, KRX를 제외한 전세계 감소율은 8.1%로 축소되었다. 이는 글로벌 금융위기 지속과 주요국의 저금리 정책 등으로 인한 주가지수 변동성 감소로 인한 것으로 분석되었다.",2012-01-01,2012-12-31,2013년 KRX_정기간행물_연도별자료_2013.json 문서10번 (근거: 2012년 전세계 파생상품 거래량 통계) [현재연관성: 현재 금융시장에서의 거래량 변화나 경제 상황과 연결 가능],금융시장
PN_028,주식시장의 상황 변화,2012년 주식시장의 상황 변화 및 주식투자자 수 감소,"2012년 주식시장은 유럽지역 재정위기와 미국 경기전망에 따라 부침을 겪었으며, 주가지수가 2,000p에 갇혀 있어 투자자들의 소극적 관망세가 지속되었고, 주식투자자 수가 감소하게 되었다.",2012-01-01,2012-12-31,2013년 KRX_정기간행물_연도별자료_2013.json 문서28번 (근거: 2012년 주식투자자 수 감소) [현재연관성: 현재 주식시장의 변동성과 투자자 심리에 대한 이해를 돕는 중요한 과거 이슈],"금융시장, 경제정책"
PN_029,불공정거래 규제 강화,2012년 우리나라 주식시장에서 불공정거래 혐의적발 건수가 증가하고 있음,2012년 우리나라 주식시장에서 불공정거래 혐의적발 건수가 200건으로 증가하고 있음. 개인투자자 비중이 높은 우리나라 시장 구조에서는 개인투자자가 불공정거래에 노출될 가능성이 높음. 이를 반영하여 불공정거래를 금지하는 규제가 강화될 필요가 있음.,2012-01-01,2012-12-31,"2013년 KRX_정기간행물_연도별자료_2013.json 문서29번 (근거: 개인투자자 비중이 높은 우리나라 시장에서 불공정거래 혐의적발 건수가 200건으로 증가) [현재연관성: 현재도 개인투자자가 불공정거래에 노출될 가능성이 있으며, 불공정거래 규제가 강화되고 있음]","금융시장, 규제정책"
PN_030,2012년 증권시장 상승 및 하락세,"2012년 증권시장은 상반기에는 상승 후 하락세를 보였으며, 하반기에 상승 반전한 후 일시적 하락세를 보였다. 전년도 대비 9.38% 상승한 1,997.05P로 마감했다.","2012년 증권시장은 유로존 존재정위기 개선으로 상승세를 이어가던 중 북한의 로켓 발사 위험, 유로존 재정 불안, 글로벌 경기 경착륙 우려 등으로 최저치를 기록한 후 한국 신용등급 상향, ECB의 무제한 국채 매입 결정, 미연준의 QE3 시행 등으로 상승 마감하였다.",2012-01-01,2012-12-31,"2013년 KRX_정기간행물_연도별자료_2013.json 문서35번 (근거: 2012년 전체적인 증권시장 상승 및 하락세, 전년도 대비 9.38% 상승) [현재연관성: 현재의 금융시장 상황과 비교하여 증권시장의 상승과 하락세에 대한 패턴 및 영향을 분석할 수 있음]","경제정책, 금융시장"
PN_031,자살률 감소를 위한 정부 정책,"2012년에 자살률이 사회문제로 대두되었으며, 정부가 자살을 예방하는 종합대책을 수립하고 실시하여 자살률을 감소시키는 노력을 기울이고 있다.","2012년에는 자살률이 사회문제로 부각되었으며, 이를 사회병리 현상으로 보고 자살을 예방하는 종합대책을 수립하고 실시하여 자살률을 감소시키는 것이 건강한 사회를 위한 선진국형 정부의 노력으로 평가되고 있다. 정부는 각종 사회병을 조기 발견해 치료 또는 예방하여 건강 사회를 실현하는 진정한 선진국을 만드는 일에 힘쓰고 있다.",2012-01-01,2012-12-31,"2012년 정책브리핑_2012.json 문서3번 (근거: 2012.12.12 위클리 공감 문서 내용) [현재연관성: 현재도 자살 예방을 위한 정부 정책이 중요한 이슈로 다뤄지고 있으며, 자살률 감소를 위한 노력이 계속되고 있다.]","사회이슈, 정부정책"
PN_032,한국증시 외국인 순매수 증가,2012년 2월에 외국인이 한국증시에 대규모 순매수를 기록함,"2012년 2월에 외국인이 한국증시에 대규모 순매수를 기록하여 지수 상승을 견인하였다. 이는 유럽재정위기 완화 가능성과 미국경제 지표의 회복세 지속으로 상승세를 유지하였으며, 외국인이 약 6.9조원의 순매수를 기록한 것으로 나타났다.",2012-02-01,2012-02-29,"2012년 KRX_정기간행물_연도별자료_2012.json 문서4번 (근거: 외국인이 2월에 4.3조원을 순매수하며 지수 상승을 견인함) [현재연관성: 외국인의 한국증시 순매수는 현재도 한국증시에 영향을 미칠 수 있는 중요한 이슈이며, 외국인의 투자 행태는 여전히 시장에 영향을 미칠 수 있다.]",금융시장
PN_033,한국 증시의 외국인 투자자 변화,2012년 3월에 외국인의 순매수 규모가 크게 줄어들면서 국내 증시에 영향을 미쳤음,"2012년 3월에는 외국인의 순매수 규모가 전월에 비해 크게 줄어들었고, 이로 인해 국내 증시에서 기관의 순매도 압력이 지수 상승을 억제하는 주요 요인으로 작용했다. 이러한 외국인 투자자의 변화는 국내 증시의 움직임에 영향을 미쳤다.",2012-03-01,2012-03-31,2012년 KRX_정기간행물_연도별자료_2012.json 문서5번 (근거: 외국인의 순매수 규모가 전월에 비해 크게 줄어들었음) [현재연관성: 외국인 투자자의 규모와 행동은 현재도 국내 증시에 영향을 미칠 수 있음],금융시장
PN_034,2012 서울 핵안보정상회의,"2012년 3월에 개최된 서울 핵안보정상회의는 핵테러 방지를 위한 세계 최대의 평화서밋으로, 전 세계 58명의 정상급 인사들이 참석했고 대한민국이 주도적으로 기여했습니다.","이번 정상회의는 한국에서 개최된 가장 규모가 크고 중요한 정상회의 중 하나였으며, 핵무기나 방사능 물질이 테러리스트들의 손에 넘어가는 것을 막기 위한 방안을 모색하는 자리였습니다. 한국은 주최국으로서 실질적인 역할을 하였으며, 국제무대에서의 입지를 높였습니다.",2012-03-26,2012-03-27,"2012년 정책브리핑_2012.json 문서39번 (근거: 서울 핵안보정상회의 개최, 전 세계 58명의 정상급 인사 참석, 대한민국의 주도적인 기여) [현재연관성: 현재 뉴스와 연결 가능한 이유는 국제안보와 핵문제는 여전히 세계적인 이슈로 남아 있으며, 한국의 국제안보 역할과 관련된 논의가 이어지고 있기 때문입니다.]",국제경제
PN_035,2012 여수세계박람회,2012년 5월에 개최된 여수세계박람회는 해양과 관련된 다양한 산업과 기술을 전시하고 해양자원 고갈과 기후변화 등의 문제에 대한 대응방안을 모색하는 행사였다.,"2012 여수세계박람회는 해양과 관련된 자원, 산업, 환경, 문화, 도시를 비롯한 모든 것을 전시하며 미래 최첨단 해양과학기술의 비전을 제시했습니다. 이 행사를 통해 기후변화, 생태계 파괴 등의 문제를 해결하고 해양자원 고갈과 기후변화와 같은 인류의 위기를 극복하기 위한 대응방안을 모색했습니다.",2012-05-12,2012-08-12,"2012년 정책브리핑_2012.json 문서36번 (근거: 2012년 5월 12일부터 8월 12일까지 3개월간 열린 여수세계박람회) [현재연관성: 해양산업 및 환경 문제는 현재도 중요한 이슈로 다루어지고 있으며, 해양과 관련된 기술과 산업은 계속 발전하고 있습니다.]","경제정책, 산업동향"
PN_036,2012년 6월 한국 증시 상승 및 하락,"2012년 6월 한국 증시는 전월 대비 소폭 상승하였으며, 중반까지 상승세를 보였지만 후반에는 하락하였다.","2012년 6월 한국 증시는 전월 대비 0.57% 소폭 상승하였으며, 중반까지는 유로존 위기 완화 기대와 경기부양 기대로 상승세를 보였습니다. 하지만 후반에는 글로벌 경기 부진과 그리스 구제금융 재협상 등으로 인해 하락하였습니다. 이에 EU 정상회의의 유로존 은행 권 지원 방안 발표로 큰 폭 상승하여 전반적으로는 소폭 상승하며 마감하였습니다.",2012-06-01,2012-06-30,"2012년 KRX_정기간행물_연도별자료_2012.json 문서2번 (근거: 2012년 6월 중 주요 증시 지표에 따르면 KOSPI는 0.57% 상승하였으며, 최고는 1,904.12이고 최저는 1,783.13이다.) [현재연관성: 현재의 증시 상황과 비교하여 경제 전문가들이 2012년 6월의 상승과 하락 원인을 분석하고 있을 것으로 예상됩니다.]","경제정책, 금융시장"
PN_037,2012년 8월 한국 증시 상승세,"2012년 8월에 한국 증시가 상승세를 보였으며, 외국인과 프로그램매매의 순매수가 이어졌다.","2012년 8월에는 전월에 비해 소폭 상승한 한국 증시가 외국인과 프로그램매매의 순매수로 인해 상승세를 이어갔다. 특히, 외국인의 순매수 규모가 확대되었고, 프로그램매매는 차익순매수와 비차익순매수를 합쳐 총 순매수를 기록했다.",2012-08-01,2012-08-31,"2012년 KRX_정기간행물_연도별자료_2012.json 문서9번 (근거: 외국인의 순매수 규모가 확대되었고, 프로그램매매는 차익순매수와 비차익순매수를 합쳐 총 순매수를 기록했다.) [현재연관성: 현재의 주식시장 상황과 비교하거나 외국인 투자자의 행동과 관련하여 현재 뉴스와 연결 가능]",금융시장
PN_038,한국 증시 하락 및 외국인 매도세 변화,"2012년 10월 한국 증시가 미국 고용 여건 및 유로존 경제 침체 등의 영향으로 큰 폭으로 하락하였고, 외국인의 매도세가 4개월만에 전환되었음.","2012년 10월 한국 증시는 미국 고용 여건 및 유로존 경제 침체 등의 영향으로 큰 폭으로 하락하였고, 외국인의 매도세가 4개월만에 전환되었다. 이후 스페인의 구제금융 신청 전망으로 증시가 반등하였으나, 미대형 IT 기업의 실적 부진과 외화 강세로 인한 국내 수출 둔화 우려로 다시 하락하였다.",2012-10-01,2012-10-31,"2012년 KRX_정기간행물_연도별자료_2012.json 문서11번 (근거: 10월 중 KOSPI는 4.22% 하락하였고, 외국인은 4개월만에 매도세로 전환하였음.) [현재연관성: 현재 한국 증시의 변동성과 외국인의 매매세는 여전히 중요한 이슈로 다루어지고 있으며, 외부 요인에 따른 증시 변동성은 계속해서 주목받고 있음.]","금융시장, 국제경제"
PN_039,2012년11월 한미 재정절벽 우려,2012년11월에는 미국의 재정절벽 우려로 인해 한국 증시에 영향을 미쳤다.,"2012년11월에는 미국의 재정절벽 우려로 인해 한국 증시가 불안정한 상황을 겪었으며, 유럽 경기 침체와 그리스 재정적자 관련 이슈로 유로존의 불확실성이 높아졌다. 이에 따라 기관의 매수세가 유입되며 증시가 상승하거나 하락하는 등 변동을 보였다.",2012-11-01,2012-11-30,2012년 KRX_정기간행물_연도별자료_2012.json 문서12번 (근거: 미국의 재정절벽 우려로 인해 증시가 불안정한 상황을 겪음) [현재연관성: 현재 미국의 재정정책 변화나 경기지표에 따라 한국 증시에 영향을 미칠 수 있음],"경제정책, 금융시장"
PN_040,미국 재정절벽 관련 불안,"2012년 12월에 미국 재정절벽으로 인한 불안이 있었으며, 외국인 매수세가 유입되면서 시장이 상승하였다.","2012년 12월에는 미국 재정절벽 등의 불안으로 미국·중국의 경기 지표 호조와 외국인 매수세가 유입되면서 시장이 상승하였으며, 이후 미하원의 플랜B 표결 취소로 인한 재정절벽 협상 난항과 엔화 약세 우려로 인해 시장이 하락하였다.",12-Dec,12-Dec,"2013년 KRX_정기간행물_연도별자료_2013.json 문서21번 (근거: 미국 재정절벽 관련 불안, 외국인 매수세 유입) [현재연관성: 미국의 재정정책 변화나 불안이 현재에도 영향을 미칠 수 있으며, 외국 시장과 연결되어 있을 가능성이 있다.]","경제정책, 금융시장"
PN_041,한국의 선박금융 지원정책,한국의 선박금융 지원정책에 대한 논의와 자금지원 요청 증가,2014년에 발표된 증권·파생상품 자료에서는 한국의 선박금융 지원정책에 대한 논의와 선주들 및 해운업계로부터의 자금지원 요청이 증가하고 있는 상황을 다루고 있다. 특히 해운경기의 불황으로 중소해운사의 도산과 대형 해운사의 채무구조조정 등으로 인해 자금지원이 시급한 상황이라고 언급되었다.,12-Dec,14-Mar,"2014년 KRX_정기간행물_연도별자료_2014.json 문서8번 (근거: 2014년 증권·파생상품 제109호 자료) [현재연관성: 현재 해운업계의 자금지원 문제와 선박금융 정책은 여전히 중요한 이슈로 남아 있으며, 이를 통해 한국의 해운산업과 금융시장의 상황을 파악할 수 있다.]","경제정책, 금융시장"
PN_042,2013년 코스피 지수 상승 및 외국인 순매수,2013년에는 코스피 지수가 상승하고 외국인이 순매수를 진행한 이슈가 있었습니다.,"2013년에는 우리 주식시장이 상반기에는 미국의 양적완화 축소 우려 등으로 KOSPI가 하회하기도 했지만, 이후 미·유럽 경기회복세 지속 및 외국인 투자자의 역대 최장기간 순매수 등으로 낙폭을 만회하며 전년대비 0.7% 상승으로 마감했습니다. 또한, 외국인들이 상대적으로 저평가된 우리 시장에서 역대 최장기간인 44일간 13조 9천억 원을 순매수하여 코스피 지수가 상승하고 시가총액이 사상 최대치를 기록하기도 했습니다.",2013-01-01,2013-12-31,"2014년 KRX_정기간행물_연도별자료_2014.json 문서6번 (근거: 코스피 지수 상승, 외국인 순매수) [현재연관성: 현재 외국인의 투자 행태와 주가 상승에 대한 관심이 있으며, 외국인의 순매수나 매도는 여전히 시장에 영향을 미칠 수 있습니다.]",금융시장
PN_043,일본의 개정금융상품거래법,2013년 일본에서 발표된 개정금융상품거래법의 주요 내용,2013년 일본에서는 금융위기를 겪은 후 금융기관의 취약성을 경감하기 위해 개정금융상품거래법을 시행했다. 이는 내부자거래 및 자산운용규제를 강화하는 내용을 포함하고 있다.,2013-01-01,2013-12-31,2014년 KRX_정기간행물_연도별자료_2014.json 문서33번 (근거: 2007년 서브프라임모기지 및 리먼브러더스 파산사태로 촉발된 금융위기) [현재연관성: 현재 일본의 금융시장 및 규제정책에 대한 영향을 분석하고자 할 때 참고할 수 있는 중요한 이슈],"금융시장, 규제정책"
PN_044,2013년 세계 파생상품시장 거래량 증가,2013년 세계 파생상품거래량이 전년대비 2.1% 증가하여 216.4억 계약을 기록함,"2013년 세계 파생상품시장에서는 전년에 비해 거래량이 증가하였으며, 이는 글로벌 경제 회복과 금리 변동성의 영향으로 발생한 것으로 분석됨. 특히, 코스피200 옵션의 거래 승수 인상으로 KRX의 거래량이 급감한 것을 제외하면 전 세계적으로는 7.6%의 증가율을 보였음",2013-01-01,2013-12-31,2014년 KRX_정기간행물_연도별자료_2014.json 문서37번 (근거: 2013년 세계 파생상품시장 보고서) [현재연관성: 현재의 금융시장에서 파생상품 거래량이 증가하는 추세를 파악하는 데 도움이 될 수 있음],"금융시장, 국제경제"
PN_045,한국 경제 성장률 전망,"2013년에는 글로벌 경기회복, 소비 및 투자 증대 등에 힘입어 잠재성장률 수준의 성장이 예상되었으며, GDP 성장률이 2.8%로 예상되었다.","2013년에는 경제성장률이 3% 중후반 수준을 나타내며, 취업자수는 33만명 늘어나고 소비자물가 상승률은 1.2%로 전망되었다. 또한, 국제원자재가격이 안정세를 보이겠으나 수요측면의 하방 압력이 점차 완화되는 가운데 높은 기대인플레이션 등이 불안요인으로 작용할 것으로 전망되었다.",2013-01-01,2013-12-31,"2013년 경제전망보고서_2013.json 문서1번 (근거: GDP 성장률 2.8%, 취업자수 33만명 증가, 소비자물가 상승률 1.2%) [현재연관성: 한국의 경제 성장률 전망과 관련하여 현재의 경제 상황과 비교하거나 경제 정책의 방향성을 분석할 수 있음]","경제정책, 국제경제"
PN_046,한국은행 2013년 경제전망,"한국은행이 2013년에 발표한 경제전망에 따르면, 국내 경제는 상반기와 하반기에 각각 2.8%와 3.5%의 성장이 예상되며, 취업자수와 소비자물가 상승률 등도 예측되었다.","2013년 한국은행의 경제전망에 따르면, 국내 경제는 상반기와 하반기에 각각 2.8%와 3.5%의 성장이 예상되었으며, 취업자수는 30만명 증가할 것으로 전망되었다. 또한, 소비자물가 상승률은 2.5%로 예상되었고, 경상수지 흑자규모는 320억달러로 전년보다 축소될 것으로 전망되었다.",2013-01-01,2013-12-31,"2013년 경제전망보고서_2013.json 문서3번 (근거: 2013년 한국은행의 경제전망 발표) [현재연관성: 한국은행의 2013년 경제전망은 현재의 경제 상황과 비교하거나 예측하는 데 도움이 될 수 있으며, 국내 경제의 성장과 물가 등에 대한 예측과 비교할 수 있다.]","경제정책, 금융시장"
PN_047,창조경제 정책,2013년에는 창조경제를 강조하고 새로운 산업 모델을 모색하는 시기였음,"2013년에는 창조경제를 통해 새로운 산업 모델을 모색하고자 하는 움직임이 활발했으며, 대학생들이 창의적인 앱을 개발하며 창조경제의 중요성을 경험했음. 이는 현재도 계속되는 창조경제 정책과의 연결성을 시사함",2013-01-01,2013-12-31,"2013년 정책브리핑_2013.json 문서11번 (근거: 2013 K-Hackathon 대학생 앱 개발대회 참가 및 수상 경험) [현재연관성: 현재의 정부 정책 중에도 창조경제를 강조하는 내용이 있으며, 새로운 산업 모델과 기술 혁신을 통한 경제 성장이 중요시되고 있음]",경제정책
PN_048,대학생 주거지원 정책,2013년 이후 부처 협업으로 대학생 주거지원이 확대되고 있음,"2013년 이후 국토교통부, 교육부, 기획재정부, LH공사 등이 협업하여 대학생 주거지원을 실시하고 있으며, 이로 인해 많은 대학생들이 학업에 집중할 수 있게 되었고 취업률도 향상되었다. 이러한 정책은 2015년 3월까지 유지되며, 지방에서 올라오거나 통학 거리가 먼 학생들에게도 혜택을 제공하고자 하고 있다.",13-Mar,15-Mar,"2014년 정책브리핑_2014.json 문서12번 (근거: 2013년 이후 부처 협업으로 대학생 주거지원을 받은 사례) [현재연관성: 현재 대학생들의 주거지원 문제와 관련된 정책이 논의되고 있으며, 대학생들의 주거환경 개선이 계속된다.]","경제정책, 사회이슈"
PN_049,한국은행 기준금리 인하,2013년 5월에 한국은행이 기준금리를 2.75%에서 2.5%로 인하한 사실,2013년 5월에 한국은행이 경기회복 기대감으로 기준금리를 2.75%에서 2.5%로 인하했다. 이로 인해 주식시장은 급반등하였으나 엔화의 약세 우려로 외국인이 매도세로 전환하며 하락세로 반전하였다.,2013-05-01,2013-05-31,"2013년 KRX_정기간행물_연도별자료_2013.json 문서15번 (근거: 한국은행의 기준금리 인하 (5/9, 2.75%→2.5%)) [현재연관성: 한국은행의 기준금리 조정은 현재도 주식시장 및 외환시장에 영향을 미칠 수 있으며, 경기회복 기대와 관련된 경제정책 변화로 연결될 수 있다.]","경제정책, 금융시장"
PN_050,2013년8월 증권시장 상승 및 하락 반전,2013년8월에는 증시가 중반에는 외국인의 매수세로 상승하다가 후반에는 글로벌 유동성 축소 우려와 아시아 신흥국의 약세로 하락하며 반전하였다.,2013년8월에는 외국인의 매수세로 인해 증시가 상승하다가 중반에는 글로벌 유동성 축소 우려와 아시아 신흥국의 약세로 인해 하락하며 반전하였다. 이러한 상황은 미국의 양적완화 조기 축소 우려와 시리아 발유가 불안의 리스크 축소 등으로 인해 발생하였다.,2013-08-01,2013-08-31,2013년 KRX_정기간행물_연도별자료_2013.json 문서37번 (근거: 외국인의 매수세로 상승하다가 글로벌 유동성 축소 우려와 아시아 신흥국의 약세로 하락하며 반전) [현재연관성: 현재의 글로벌 경제 상황에서도 유동성 축소 우려와 신흥국의 약세가 증시에 영향을 미칠 수 있음],"금융시장, 국제경제"
PN_051,2013년 10월 한국 증시의 상승세,"2013년 10월에 한국 증시가 상승세를 보였으며, 외국인의 순매수가 영향을 미쳤다.","2013년 10월에는 외국인이 4조7,104억원을 순매수하여 4개월 연속으로 매수하였고, 이에 따라 한국 증시는 2,020p를 상회하며 상승세를 이어갔다. 이후에도 외국인의 매수세가 지속되면서 연중 최고치를 기록하였으며, FOMC의 양적완화 유지 결정에 따른 차익성 매물로 반전하면서 상승세를 유지하였다.",2013-10-01,2013-10-31,"2013년 KRX_정기간행물_연도별자료_2013.json 문서19번 (근거: 외국인의 4조7,104억원 순매수, 증시 상승으로 2,020p 상회) [현재연관성: 외국인의 증시 영향력과 FOMC의 정책 결정이 현재 증시에도 영향을 미칠 수 있음]",금융시장
PN_052,2013년11월 한전의 부채 절감 계획과 가스공사의 원가 연동제도 도입,한전의 부채 절감 계획과 가스공사의 원가 연동제도 도입으로 인해 전기가스 업종이 9.4% 상승,2013년11월에 한전의 부채 절감 계획과 가스공사의 원가 연동제도 도입에 대한 기대감으로 전기가스 업종이 9.4% 상승하였습니다. 이러한 사건은 현재도 전기가스 시장 및 에너지 산업에 영향을 미칠 수 있습니다.,2013-11-01,2013-11-30,2013년 KRX_정기간행물_연도별자료_2013.json 문서40번 (근거: 전기가스 업종이 9.4% 상승) [현재연관성: 한전과 가스공사의 정책 변화는 현재 에너지 산업 및 전기가스 시장에 영향을 미칠 수 있습니다.],"경제정책, 산업동향"
PN_053,2013년12월 증시 하락 및 외국인 매도세,"2013년12월에는 국내 증시가 전반적으로 하락세를 보였고, 외국인의 매도세가 지속되었음","2013년12월에는 FOMC의 양적완화 축소 결정에 따른 불확실성 해소로 외국인의 매도세가 진정되며 상승세로 반전하였으나, 전월대비 1.6% 하락하였다. 기관은 대부분 매수에 힘입어 순매수를 보였고, 외국인은 2개월 연속으로 매도세를 이어갔다.",2013-12-01,2013-12-31,2014년 KRX_정기간행물_연도별자료_2014.json 문서1번 (근거: 2013년12월 증시 하락 및 외국인 매도세) [현재연관성: 현재 뉴스와 연결 가능한 이유는 국내 증시의 움직임과 외국인의 투자 행태가 현재 시장에도 영향을 미칠 수 있기 때문],"경제정책, 금융시장"
PN_054,2014년 증시 하락 및 글로벌 경제 영향,2014년 1월에 국내 증시가 하락하며 글로벌 증시 반등세의 영향을 받았음,"2014년 1월에 국내 증시는 추가 양적완화 축소 전망에 따라 급락세를 보였으나 글로벌 증시 반등세의 영향으로 상승 반전하였으며, 외국인의 매도세가 이어지며 장중 일시적으로 1,900선을 하회하는 급락 장세를 보였다. 이후에는 신흥국 금융불안 완화 등의 영향으로 상승 추세를 이어갔으나 전월 대비 3.5% 하락 마감하였다.",2014-01-01,2014-01-31,"2014년 KRX_정기간행물_연도별자료_2014.json 문서4번 (근거: 2014년 1월 증시는 상승·하락을 반복하는 조정장세를 보이다가 글로벌 증시 반등세의 영향으로 상승 반전하였으며, 외국인의 매도세가 이어지며 장중 일시적으로 1,900선을 하회하는 급락 장세를 보였다.) [현재연관성: 현재의 글로벌 경제 상황과 연결 가능]","경제정책, 금융시장"
PN_055,한반도 통일 관련 이슈,"2014년에도 한반도 통일에 대한 관심이 높았으며, 청년세대의 통일에 대한 인식과 관심이 부족한 것이 문제로 지적되었다.","2014년에는 한반도 통일에 대한 인식 부족 문제가 제기되었으며, 청년세대의 통일에 대한 관심이 낮아지고 있는 상황이었다. 이는 역사 교육의 부족과 북한에 대한 이해 부족으로 인한 것으로 분석되었다.",2014-01-01,2014-12-31,"2014년 정책브리핑_2014.json 문서2번 (근거: 2014년에 한반도 통일에 대한 관심이 높아지고, 청년세대의 통일에 대한 인식 부족이 지적되었던 사실) [현재연관성: 현재 한반도 통일에 대한 관심과 인식 부족 문제는 여전히 존재하며, 이는 현재의 한반도 정세와 관련하여 계속해서 논의되고 있는 이슈이다.]",사회이슈
PN_056,문화 산업 활성화 정책,"2014년에 '문화가 있는 날'이 울산에서 생겼고, 문화시설 할인 혜택이 제공되었으며, 문화 공연과 전시가 활성화되었다.","2014년에 울산에서 '문화가 있는 날'이 생겨 문화시설 할인 혜택이 제공되었고, 이를 통해 문화 산업이 활성화되었다. 이는 현재도 지역 문화 산업 활성화를 위한 정책으로 연결될 수 있다.",2014-01-01,2014-12-31,"2014년 정책브리핑_2014.json 문서3번 (근거: 2014년에 '문화가 있는 날'이 울산에서 생겼고, 문화시설 할인 혜택이 제공되었으며, 문화 공연과 전시가 활성화되었다.) [현재연관성: 현재 지역 문화 산업 활성화를 위한 정책이 중요시되고 있으며, '문화가 있는 날'과 같은 이벤트가 다양한 지역에서 확대되고 있다.]","경제정책, 사회이슈"
PN_057,부동산 시장 회복,2014년 상반기에는 부동산 시장이 침체 상태였으나 하반기에 서서히 회복되는 모습을 보였다.,"2014년 상반기에는 부동산 거래가 끊기고 점포 운영이 어려웠지만, 하반기에는 소비가 조금씩 회복되면서 부동산 시장이 움직이기 시작했다. 주변 옷가게와 분식집들도 손님의 수가 늘어나고 활기가 돌았으며, 학생들과 엄마들이 매장을 찾는 모습이 늘어났다.",2014-01-01,2014-12-31,"2014년 정책브리핑_2014.json 문서5번 (근거: 부동산 거래가 끊기고 점포 운영이 어려웠으나 하반기에는 소비가 조금씩 회복되면서 부동산 시장이 움직이기 시작했다.) [현재연관성: 현재의 부동산 시장 상황과 비교하여 회복 모습을 분석하고, 부동산 시장의 경기 변동성에 대한 이해를 도와줄 수 있음]","부동산, 경제정책"
PN_058,퇴직연금제도 개선,2014년에 퇴직연금제도가 활성화되고 다양한 선택폭이 넓어졌음,"2014년에는 퇴직연금제도가 활성화되어 수익률에 대한 선택폭이 넓어졌으며, 개인형퇴직연금(IRP) 계좌에 입금되는 방식이 일반적으로 채택되고 있음. 노후에 대한 기대가 높아지고 있으며, 퇴직연금을 통해 안정적인 노후를 준비하는 추세가 강화되고 있음.",2014-01-01,2014-12-31,"2014년 정책브리핑_2014.json 문서16번 (근거: 2014년에는 퇴직연금제도가 활성화되어 수익률에 대한 다양한 선택폭이 넓어졌음) [현재연관성: 현재 노후준비와 퇴직연금에 대한 관심이 높아지고 있으며, 퇴직연금제도의 개선과 다양화가 계속해서 이뤄지고 있음]","경제정책, 금융시장"
PN_059,규제개혁신문고,2014년에 논의되었던 규제개혁신문고 사업,"2014년에 국회, 한국은행, 금융위원회 등이 관련된 규제개혁신문고 사업을 발표하였으며, 이는 현재도 규제개혁과 관련된 정책 변화에 영향을 줄 수 있는 중요한 이슈이다.",2014-01-01,2014-12-31,"2014년 정책브리핑_2014.json 문서27번 (근거: 2014년에 발표된 규제개혁신문고 사업) [현재연관성: 현재도 규제개혁과 관련된 정책 변화가 이뤄지고 있으며, 규제개혁신문고 사업의 영향이 지속될 수 있다.]",경제정책
PN_060,지역사회 복지 사각지대 해소 정책,2014년에 발표된 지역사회 복지 사각지대 해소 정책,2014년에 발표된 지역사회 복지 사각지대 해소 정책은 행복키움지원팀을 통해 지역사회 내에서 복지 소외문제를 해결하고 지역 공동체 문화를 조성하는 것을 목표로 하였습니다. 이 정책은 공공·민간 자원을 활용하여 복지제도의 사각지대에 있는 계층을 찾아가서 필요한 서비스를 제공하는 것을 중점으로 하였습니다.,2014-01-01,2014-12-31,"2014년 정책브리핑_2014.json 문서39번 (근거: 2014.3.17에 발표된 '복지 사각지대 찾아서 돌보고, 볕 들게 하겠습니다' 기획 특집) [현재연관성: 현재 지역사회에서도 복지 사각지대 문제가 여전히 존재하며, 이러한 정책이 여전히 필요하다는 점에서 현재와 연결될 수 있습니다.]",사회이슈
PN_061,외국인 투자자의 매도세 지속,2014년 2월에 외국인이 4개월 연속으로 매도세를 이어가는 상황,"2014년 2월에 외국인이 7,177억 원을 순매도하여 4개월 연속으로 매도세를 이어갔으며, 이에 따라 시장에서 외국인의 투자 행태가 주목받았다. 이러한 외국인의 매도세가 시장에 미치는 영향과 관련된 분석 및 대응이 필요하다.",2014-02-01,2014-02-28,"2014년 KRX_정기간행물_연도별자료_2014.json 문서7번 (근거: 외국인은 7,177억 원을 순매도하여 4개월 연속으로 매도세를 이어감) [현재연관성: 외국인의 투자 행태가 현재 시장에서도 중요한 이슈로 다뤄지고 있으며, 외국인의 매도세가 지속되는 경우에도 시장에 영향을 미칠 수 있음]",금융시장
PN_062,외국인 투자자의 주식시장 참여,2014년 4월에 외국인의 매수세가 확대되며 주식시장에 영향을 미침,"2014년 4월에는 외국인이 6개월 만에 매수세로 전환하여 주식시장에 긍정적인 영향을 미쳤으며, 프로그램매매와 비차익거래도 순매수를 기록하였다. 그러나 원화 강세와 글로벌 안전자산 선호에 따른 외국인의 매도세로 인해 하락세를 지속하였다.",2014-04-01,2014-04-30,"2014년 KRX_정기간행물_연도별자료_2014.json 문서10번 (근거: 외국인은 2조 8,018억 원을 순매수하여 6개월 만에 매수세로 전환하였다.) [현재연관성: 외국인의 주식시장 참여는 현재도 경제 및 금융 시장에서 중요한 이슈로 다뤄지고 있으며, 외국인의 매매 행태는 주가 등에 영향을 미칠 수 있음]",금융시장
PN_063,2014년 5월 한국 증시의 외국인 순매수 반전,2014년 5월 한국 증시에서 외국인이 14일 만에 순매도로 전환하면서 하락세로 반전,"2014년 5월 한국 증시는 초반에 글로벌 경기 회복세로 상승세를 보였으나, 중국의 경기둔화 우려와 우크라이나 긴장감 등으로 일시적인 하락세를 보였습니다. 이후 외국인의 순매수로 인해 상승세를 회복했지만, 한국의 소비지표 악화로 외국인이 순매도로 전환하여 하락세로 반전하였습니다.",2014-05-01,2014-05-31,"2014년 KRX_정기간행물_연도별자료_2014.json 문서13번 (근거: 외국인이 14일 만에 순매도로 전환하면서 하락세로 반전) [현재연관성: 외국인의 순매수/순매도 행태는 현재도 한국 증시의 움직임에 영향을 미칠 수 있으며, 외국인 투자자들의 행동 패턴은 계속해서 주목받고 있습니다.]",금융시장
PN_064,주식(액면)분할의 필요성과 효과,과거에 초고가주 기업들이 액면분할로 소액주주의 시장접근성을 높여 유동성을 증대해야 한다는 목소리가 있었음,과거에 국내 초고가주 기업들이 높은 주가로 인해 개인투자자들로부터 외면받고 있어 액면분할로 소액주주의 시장접근성을 높여 유동성을 증대해야 한다는 목소리가 있었음. 미국 상장기업의 경우 주식분할을 통해 주주친화 정책을 실시하여 고가 주식에 대한 부담을 줄여주고 소액주주들과의 소통을 강화하고 있음,2014-05-01,2014-07-31,2014년 KRX_정기간행물_연도별자료_2014.json 문서25번 (근거: 국내 초고가주 기업들의 주가를 높아 소액주주들로부터 외면받고 있음) [현재연관성: 주식(액면)분할은 현재에도 기업의 주가를 소액주주들이 쉽게 접근할 수 있도록 하고 유동성을 증대시키는 방법으로 여전히 유효함],"금융시장, 기업경영"
PN_065,아동학대 문제와 사회적 관심,2014년에 발생한 아동학대 사례를 통해 아동학대 문제와 사회적 관심의 중요성을 강조,"2014년에 발생한 아동학대 사례를 통해 아동학대 문제와 사회적 관심의 중요성을 강조하고 있으며, 아동보호전문기관 상담원의 역할과 활동 내용을 다루고 있습니다. 이는 현재도 계속되고 있는 사회적 문제로서, 아동학대 예방 및 대응을 위한 정책과 제도의 필요성을 시사하고 있습니다.",2014-05-19,2014-05-29,"2014년 정책브리핑_2014.json 문서31번 (근거: 아동학대 사례를 통한 상세한 설명과 해결과정) [현재연관성: 아동학대 문제는 현재도 계속되고 있으며, 사회적 관심과 대응이 필요한 이슈로 여전히 중요하다.]",사회이슈
PN_066,2014년 6월 한국 증시의 상승 반전,"2014년 6월 한국 증시는 이라크 사태와 아르헨티나 디폴트 위기 등으로 약세를 보였으나, 미국의 2분기 성장 회복세 전망과 외국인의 매수세 유입으로 상승 반전하였다.","2014년 6월 한국 증시는 이라크 사태와 아르헨티나 디폴트 위기 등으로 약세를 보였으나, 미국의 2분기 성장 회복세 전망과 외국인의 매수세 유입으로 상승 반전하였다. 외국인은 3개월 연속으로 매수세를 보였고, 프로그램매매도 순매수를 기록하며 증시를 견인했다.",2014-06-01,2014-06-30,"2014년 KRX_정기간행물_연도별자료_2014.json 문서16번 (근거: 외국인의 3개월 연속 매수세, 프로그램매매의 순매수) [현재연관성: 외국인의 투자 흐름과 프로그램매매의 영향은 현재 한국 증시의 움직임에 영향을 미칠 수 있음]",금융시장
PN_067,외국인의 대형주 중심 매수세 지속,2014년 7월에 외국인의 대형주 중심 매수세가 지속되며 큰 폭의 오름세를 보였다.,2014년 7월에 외국인의 대형주 중심 매수세가 지속되어 KOSPI가 상승세를 보였다. 이는 외국인의 대형주에 대한 투자 성향이 변화하고 있음을 시사한다.,2014-07-01,2014-07-31,2014년 KRX_정기간행물_연도별자료_2014.json 문서19번 (근거: 외국인의 대형주 중심 매수세가 4개월 연속으로 지속되며 전월대비 3.7% 상승) [현재연관성: 외국인의 투자 성향 변화와 관련된 현재의 외국인 투자 동향과 연결 가능],금융시장
PN_068,2014년 8월 증시 상승 반전,"2014년 8월에는 증시가 초반에는 급락세를 보였지만, 정부의 경제활성화 정책 기대감과 금리인하 등으로 상승 반전하여 전월대비 0.4% 하락하였다.","2014년 8월에는 미국의 이라크 공습 결정 소식 등으로 증시가 급락세를 보였으나, 정부의 경제활성화 정책 기대감과 금리인하, 이라크·우크라이나의 지정학적 리스크 완화 등으로 상승 반전하여 전월대비 0.4% 하락하였다. 기관은 매도세를 보였고, 외국인은 5개월 연속으로 매수세를 보였으며, 개인은 순매수를 기록했다.",2014-08-01,2014-08-31,"2014년 KRX_정기간행물_연도별자료_2014.json 문서22번 (근거: 2014년 8월 증시 상승 반전, 전월대비 0.4% 하락) [현재연관성: 현재 뉴스와 연결 가능한 이유는 경제활성화 정책, 금리인하, 지정학적 리스크 등이 현재도 주요 이슈로 다뤄지고 있기 때문입니다.]","경제정책, 금융시장"
PN_069,휴대폰 고가요금제 문제,2014년에 발생한 휴대폰 고가요금제로 인한 소비자 피해 문제,2014년에 발표된 정책브리핑에는 휴대폰 고가요금제로 인한 소비자 피해가 다뤄졌습니다. 소비자들이 고가의 요금제를 선택해야 했던 상황과 이로 인한 소비자들의 부담이 강조되었습니다. 이는 현재도 소비자들이 겪는 문제로 연결될 수 있습니다.,2014-08-04,2014-08-11,"2014년 정책브리핑_2014.json 문서20번 (근거: 휴대폰 요금이 한 달 평균 5만원을 넘지 않았기 때문에 고가요금제 선택에 대한 소비자들의 부담이 강조됨) [현재연관성: 현재 소비자들이 여전히 휴대폰 고가요금제 문제에 직면하고 있으며, 소비자 보호와 관련된 이슈로 연결 가능]","경제정책, 소비자 보호"
PN_070,한국 증시 하락 및 외국인 매도세 변화,2014년 9월 한국 증시는 외국인의 매도세 변화로 인해 하락하였다.,"2014년 9월 한국 증시는 미국 FOMC의 조기금리 인상 우려, 삼성전자와 현대차 등 대표 종목의 실적 둔화 우려, 엔화 약세 등으로 외국인의 매도세가 이어지며 하락세를 보였다. 외국인은 6개월 만에 매도세로 전환하여 6,224억원을 순매도하였다.",2014-09-01,2014-09-30,"2014년 KRX_정기간행물_연도별자료_2014.json 문서26번 (근거: 외국인의 6개월 만에 매도세로 전환하여 6,224억원을 순매도) [현재연관성: 현재 한국 증시에서 외국인의 매매세 전환 및 영향력은 여전히 중요한 이슈로 다뤄지고 있습니다.]",금융시장
PN_071,생물다양성협약 당사국총회,2014년에 열린 평창 생물다양성협약 당사국총회,"2014년 9월 29일부터 10월 17일까지 열린 평창 생물다양성협약 당사국총회는 생물다양성의 보전, 지속가능한 이용, 이익공유 등을 위해 다양한 국가들이 모여 회의를 진행한 국제적인 행사였습니다.",2014-09-29,2014-10-17,"2014년 정책브리핑_2014.json 문서14번 (근거: 박 대통령, 캐나다 국빈방문·유엔총회 참석, 생물다양성협약 당사국총회) [현재연관성: 현재 뉴스와 연결 가능한 이유는 국제적인 환경 협약에 대한 관심이 높아지고 있으며, 생물다양성 보전과 관련된 이슈들이 계속해서 다뤄지고 있기 때문입니다.]",국제경제
PN_072,메르스 사태 확산,"2015년 5월부터 국내에서 중동호흡기증후군(MERS)이 확산되며 국민 불안과 소비 위축, 관광객 감소가 동반되었음. 내수 및 서비스업 중심으로 경제 전반에 충격이 가해짐.","확진자 및 격리자가 급증하면서 국내 유통, 외식, 여행업종이 직격탄을 맞았고, 반면 진단키트 및 백신 관련 기업은 수혜를 입음. 정부는 소비 쿠폰 등으로 대응에 나섰음.",2015-05-01,2015-07-01,질병관리청 / KRX 시장동향,
PN_073,중국 증시 폭락 및 위안화 평가절하,2015년 중반 이후 중국 증시 급락과 위안화 절하로 글로벌 금융시장이 충격,"2015년 6월부터 시작된 중국 증시의 급락은 8월 중순 인민은행의 위안화 평가절하 발표와 맞물려 전 세계 금융시장의 변동성을 키웠다. 특히 원자재 수요 둔화 우려와 신흥국 경기 둔화 가능성으로 인해 글로벌 수출 의존도가 높은 한국 기업들의 실적 부진 우려가 확산되었고, 코스피도 이에 따라 큰 폭 하락하였다. 외국인 자금 유출과 함께 원화 약세가 심화되며 환율과 수출 관련 종목 중심으로 주가 조정이 나타났다.",2015-06-01,2015-09-01,"KRX Market 2015년 하반기, BoK 금융안정보고서",
PN_074,그리스 디폴트 우려 및 유로존 불안,"2015년 상반기, 그리스의 채무불이행 가능성과 유로존 탈퇴 우려가 금융시장에 충격을 주며 글로벌 주가 급락. ECB와의 협상 실패 시나리오가 현실화될 위기에 직면하며 유럽계 자금의 위험자산 회피가 본격화됨.","7월, 그리스는 IMF 채무를 상환하지 못하며 사실상 디폴트 상태에 진입. 이는 유럽 경기 회복에 대한 불신을 초래했고, 안전자산 선호 심리가 확산되어 한국을 포함한 신흥국 주식시장에서 외국인 매도세 강화.",2015-06-01,2015-07-01,Bloomberg / KRX Market지,
PN_075,국가장학금 신청 마감일 연장,2015학년도 1학기 국가장학금 신청 마감일이 12월 8일까지로 연장되었다.,"2015학년도 1학기 국가장학금 신청 마감일이 12월 8일까지로 연장되었으며, 이는 소외된 이웃에 대한 관심을 높이기 위한 정부의 정책 변화로 해석할 수 있다. 이러한 조치는 국민안전 및 사회안전을 강화하고자 하는 정부의 노력으로 해석될 수 있다.",2015-11-24,2015-12-08,"2014년 정책브리핑_2014.json 문서6번 (근거: 2015학년도 1학기 국가장학금, 12월 8일까지 신청하세요) [현재연관성: 현재 뉴스와 연결 가능한 이유는 국가장학금 신청 마감일 연장이 학생들과 교육부의 관심을 끌고 있을 가능성이 있기 때문이다.]",경제정책
PN_076,미국 기준금리 인상 개시,"2008년 금융위기 이후 7년간 이어지던 제로금리 기조가 종료되며 글로벌 유동성 환경에 변화가 발생. 연준은 2015년 12월, 기준금리를 0.25%포인트 인상하며 금리 정상화의 첫 걸음을 내디뎠다.","금리 인상은 신흥국 자금이탈과 함께 증시의 변동성을 확대시켰으며, 특히 금리 민감 업종 및 외국인 투자 의존도가 높은 한국 시장에 영향을 줌. 외국인 자금 유출 증가로 코스피 약세 지속.",2015-12-01,2015-12-01,한국은행 기준금리 발표 / KRX 시장동향,
PN_077,2016년 초 글로벌 증시 급락,국제유가 하락과 중국 증시 불안으로 글로벌 증시가 1~2월 큰 폭 하락,"2016년 1~2월, 국제유가가 배럴당 30달러 이하로 급락하고, 중국의 경기둔화 우려가 커지면서 글로벌 금융시장의 불확실성이 증대되었다. KOSPI는 2월 12일 1,835p까지 하락했고, 외국인은 약 5.7조원의 순매도를 기록했다. 그러나 이후 국제유가 반등과 유럽중앙은행(ECB)의 통화완화 기대감으로 시장은 점차 회복세를 보였다.",2016-01-01,2016-03-01,한국은행 금융안정보고서 2016년 6월 / KB투자 가이드 1월,
PN_078,미국 연준의 금리 인상 우려,연준의 금리 인상 신호로 인해 달러 강세 및 신흥국 자금 유출 우려 확대,"미국 연준이 기준금리 인상 사이클에 돌입하면서, 신흥국에서 자금이 유출될 수 있다는 우려가 부각되었다. 이는 원화 약세를 유도하고 외국인 자금 이탈을 가속화시켰으며, 원자재·금속 산업에 부정적인 영향을 미쳤다. 하지만 금리 인상 속도가 완만할 것으로 전망되며 일부 위험자산 투자심리는 회복세를 보였다.",2016-01-01,2016-04-01,KB 투자 가이드 2016.1 / KRX 마켓지 2016.2,
PN_079,브렉시트 국민투표 통과,영국의 유럽연합 탈퇴 결정으로 글로벌 금융시장에 충격,"2016년 6월 23일, 영국의 국민투표 결과 EU 탈퇴(Brexit)가 확정되자 글로벌 금융시장에 대혼란이 발생했다. 안전자산 선호로 엔화와 달러화가 급등하고, 주요국 증시는 급락세를 보였으며, 국내 시장도 외국인 매도 확대와 함께 환율 급등 및 금융주, 수출주 중심의 조정이 나타났다. 이후 유럽 정치 불확실성에 대한 우려가 이어지며 글로벌 경기 위축 우려가 증대되었다.",2016-06-01,2016-07-01,"KRX Market 2016년 하반기, 정책브리핑 경제분석",
PN_080,브렉시트 국민투표로 인한 시장 충격,영국의 유럽연합 탈퇴(Brexit) 결정으로 글로벌 금융시장에 큰 파장 발생,"2016년 6월 23일, 영국의 국민투표 결과 EU 탈퇴가 결정되며 파운드화 가치가 폭락하고, 글로벌 주식시장이 급락했다. KOSPI도 단기 조정을 받았으나, 이후 브렉시트의 실제 경제적 충격이 완화되면서 점차 회복세를 보였다. 글로벌 교역 및 금융시스템에 대한 불확실성은 증폭되었다.",2016-06-01,2016-07-01,온국민투자가이드 6월 / 한국은행 금융안정보고서 2016.6,
PN_081,유가 반등 및 자원국 회복 기대,국제유가의 반등과 함께 자원 수출국 및 관련 산업에 회복 기대감 확산,"2016년 상반기 저점을 찍은 국제유가는 6월 이후 반등세로 전환되었고, 이는 자원 수출국의 경기 회복 기대를 자극했다. 동시에 석유화학, 철강, 해운 등 원자재 기반 산업군은 유가 반등에 따라 실적 개선이 기대되었다. 에너지 가격 안정은 물가 및 기업비용 측면에서 긍정적 요인으로 작용하였다.",2016-06-01,2016-12-01,한국은행 경제전망보고서 2016.10 / KRX 마켓지 2016.4~10호,
PN_082,미국 대선 트럼프 당선과 트럼프노믹스 부상,감세·인프라 확대·보호무역 중심의 경제정책 기대가 시장에 반영,"2016년 11월 미국 대선에서 도널드 트럼프 후보가 당선되며 감세와 인프라 투자 확대, 보호무역 강화 등 ‘트럼프노믹스’가 부상하였다. 이에 따라 미국 금리가 급등하고 달러 강세가 이어졌으며, 인프라·소재·금융 업종 중심의 순환매가 나타났다. 국내 시장에서도 철강, 건설, 증권 업종이 강세를 보였고, 반면 보호무역 강화 우려로 IT와 수출 중심의 제조업은 조정을 받았다.",2016-11-01,2016-12-01,정책브리핑 2016년 11월 / KRX 마켓지 2016년 겨울호,
PN_083,반도체 슈퍼사이클과 수출 급증,글로벌 반도체 수요 확대에 따른 한국 수출 및 기업 실적 호조,"2017년부터 글로벌 데이터센터, 스마트폰, 클라우드 수요가 폭증하며 D램과 낸드 가격이 급등했고, 이에 따라 삼성전자·SK하이닉스를 중심으로 반도체 산업의 영업이익이 사상 최대치를 경신했다. 수출 호조는 국내 경제 전체에 긍정적으로 작용하며, 코스피가 사상 최고치를 경신하는 등 전반적 랠리를 견인하였다.",2017-01-01,2018-03-01,한국은행 경제전망보고서 / KRX 마켓지 2017년 상반기,
PN_084,미국 트럼프 정부 출범 및 정책 기대,"트럼프 대통령 취임과 함께 감세, 인프라 투자 등 친기업 정책 기대가 형성됨","2017년 1월 트럼프 대통령 취임 직후 미국 내 감세 및 규제 완화, 대규모 인프라 투자 정책이 기대되면서 글로벌 증시가 강세를 보였다. 특히 미국 인프라 확대에 따른 철강·기계 수요 증가, 법인세 인하에 따른 기업 이익 개선 기대가 반영되었고, 국내 수출기업도 글로벌 경기 회복에 따른 수혜 기대가 높아졌다. KOSPI는 연중 최고치를 경신하며 강세를 나타냄.",2017-01-01,2017-03-01,온국민투자가이드 2017.1 / KRX 마켓지 2017년 상반기,
PN_085,중국의 사드 보복과 한한령 이슈,중국 정부의 사드 배치 반발로 한국 기업에 대한 경제적 보복 조치 강화,"2017년 3월 한국의 고고도미사일방어체계(THAAD) 배치에 대한 보복으로, 중국은 한국 기업에 대한 규제를 강화하고 한류 콘텐츠, 화장품, 여행 관련 소비를 제한하였다. 이로 인해 면세점, 엔터, 화장품 업종이 급락했고, 전체 소비재 업종이 부진한 흐름을 보였다.",2017-03-01,2017-12-01,산업통상자원부 발표 / KRX 마켓지 2017.2분기,
PN_086,반도체 수퍼사이클 진입,글로벌 반도체 수요 급증으로 메모리 가격 상승과 국내 기업 실적 호조,"2017년 글로벌 스마트폰, 서버, 클라우드 수요 확대에 따라 D램, 낸드플래시 등 메모리 반도체 가격이 급등하였다. 삼성전자, SK하이닉스 등 국내 반도체 기업의 분기 실적이 연속으로 사상 최고치를 경신하며 주가 급등을 견인하였다. 코스피 상장사의 이익 중 반도체 비중이 크게 증가하였다.",2017-04-01,2017-12-01,한국은행 경제전망보고서 / KRX 마켓지 2017 하반기,
PN_087,국내 대선 및 정책 기대,조기 대선 실시로 정책 수혜 기대감 확대,"2017년 5월 조기 대선 실시로 문재인 정부가 출범하면서 공공부문 일자리 확대, 탈원전, 복지 확대 등의 공약이 시장에 영향을 미쳤다. 정책 테마주 중심으로 단기적인 주가 급등이 발생했고, 태양광, 풍력, 교육 등 공공정책과 연관된 업종에 투자자 관심이 집중되었다.",2017-05-01,2017-06-01,기획재정부 예산안 발표 / 온국민투자가이드 2017.5~6,
PN_088,북한 미사일 도발과 지정학 리스크 부각,북한의 미사일 도발이 반복되며 지정학적 리스크가 증시에 악영향을 미침,"2017년 8월, 북한은 중장거리 탄도미사일(ICBM)을 발사하며 미국과의 긴장이 고조되었다. 이에 따라 코스피가 급락하고 외국인 투자 자금이 유출되었으며, 방산 관련주가 급등하는 반면 소비, 운송 등 민감 업종은 하락세를 보였다. 투자자들은 안전자산 선호로 금·달러 자산으로 이동하였다.",2017-08-01,2017-09-01,언론 보도 / KRX 증시브리프 2017.3분기,
PN_089,미중 무역분쟁 격화,관세 인상과 보복 조치가 반복되며 글로벌 공급망 불안이 커짐,"2018년부터 미국이 중국산 제품에 고율 관세를 부과하고, 중국이 보복관세로 대응하면서 미중 무역 갈등이 격화되었다. 이는 글로벌 교역 위축과 기업 실적 둔화 우려로 이어졌고, 한국 역시 주요 수출국으로서 타격을 입었다. 특히 IT, 반도체, 화학 등 중간재 산업의 피해가 컸다.",2018-04-01,2019-10-01,KRX 마켓지 2018~2019년 / 온국민투자가이드,
PN_090,코로나19 팬데믹 발발,글로벌 공급망 붕괴와 금융시장 급변동을 초래한 복합 위기,"2020년 1분기부터 코로나19가 전 세계로 급속히 확산되며 팬데믹이 공식 선언되었고, 이에 따라 글로벌 금융시장과 실물 경제가 동반 충격을 받았다. 코스피는 3월 중순 1450선까지 하락했으며, 특히 여행·항공·외식 등 대면 서비스 산업과 제조업 공급망이 직격탄을 맞았다. 반면, 진단키트·비대면 산업은 오히려 반사이익을 누리며 주목을 받았다.",2020-01-01,2020-06-01,질병청 보도자료 / 한국은행 금융안정보고서 / KRX 마켓지 2020년 상반기,
PN_091,미국 정권 교체와 초대형 부양책 발표,바이든 행정부 출범과 함께 초대형 재정 부양책 및 증세 추진이 시장 기대와 긴장을 동시에 자극,"2021년 1월, 바이든 대통령의 취임과 함께 미국은 1.9조 달러 규모의 코로나 구제법안과 추가로 2.7조 달러에 이르는 인프라 투자 법안(미국 일자리 계획)을 발표했다. 이는 경기 회복 기대를 자극하며 글로벌 주식시장, 특히 원자재, 인프라, 친환경 정책 관련 주식에 긍정적 영향을 미쳤다. 반면, 법인세 인상 및 금융 규제 강화 가능성도 거론되며 일부 대형 기술주에는 부담으로 작용했다. 국내 시장에서도 글로벌 유동성 확대와 재정정책에 대한 기대감이 반영되어 증시 상승을 견인했다.",2021-01-01,2021-03-01,온국민투자가이드 1월 / KRX 증시 브리프,
PN_092,글로벌 금리 상승과 기술주 조정,미국 국채금리 급등에 따라 성장주 중심의 고평가 기업들이 큰 폭 조정,"2021년 1분기 말부터 미국 10년물 국채 금리가 가파르게 상승하며 1.7%를 돌파하자, 주식시장에서는 고평가된 성장주 위주로 큰 조정이 나타났다. 이는 연준이 테이퍼링(자산매입 축소) 가능성을 시사하며 향후 금리 인상 시점이 예상보다 앞당겨질 수 있다는 해석으로 이어졌기 때문이다. 투자자들은 미래 이익에 대한 기대가 높은 기업들의 주가가 금리 상승 시 할인율 부담으로 하락할 수 있다는 점에서, 기술주 및 바이오, 플랫폼 기업에서 대형 자금 이탈이 발생했다.",2021-02-01,2021-03-01,금융안정보고서(2021년 6월),
PN_093,탄소중립 및 신재생에너지 정책 확대,국내외 정부가 2050 탄소중립 목표와 함께 신재생에너지 및 친환경 산업 육성을 본격화하면서 관련 산업에 대한 투자 심리가 급격히 고조됨,"2021년 한국 정부는 '2050 탄소중립' 선언에 이어 구체적인 이행 로드맵을 발표하면서, 에너지·제조업 전반의 구조개편이 요구되었다. 또한 NDC(국가온실가스감축목표)를 2030년까지 40%로 상향하겠다고 발표하며 친환경 산업에 대한 정책적 지원과 규제가 동시에 강화되었다. 국제적으로는 유럽의 탄소국경세, 미국의 친환경 인프라 투자계획 등 글로벌 트렌드가 ESG와 클린에너지 중심으로 재편되며, 국내외 시장 모두 친환경 테마에 주목하였다.",2021-04-01,2021-08-01,탄소중립위원회 보고서 / 경제전망보고서 8월,
PN_094,미국 인프라법 통과와 기술패권 경쟁 심화,"미국은 공급망 재편과 첨단산업 경쟁 강화를 위해 대규모 투자에 나섰고, 이는 글로벌 산업구조에 중장기적 영향을 끼침","2021년 11월, 미국 상원은 약 1.2조 달러 규모의 인프라 투자법(IIJA)을 통과시켰으며, 이에는 반도체, 배터리, 전기차, 신재생에너지 관련 투자도 포함되었다. 바이든 정부는 중국과의 기술패권 경쟁에서 우위를 점하기 위해 핵심 공급망의 미국 내 재구축 및 동맹국과의 협력(예: 한미 반도체 회담)을 병행하였다. 이에 따라 한국의 반도체, 배터리 산업에도 긍정적 파급 효과가 기대되었다.",2021-05-01,2021-11-01,온국민투자가이드 6~11월 / 산업통상자원부 발표,
PN_095,코로나19 재확산과 델타·오미크론 등장,"변이 바이러스 출현으로 리오프닝 기대가 약화되며 관련 산업에 큰 타격, 반면 비대면 산업은 반사이익을 얻음","2021년 7월 이후 인도발 델타 변이 확산, 11월 남아공발 오미크론 변이가 등장하며 팬데믹이 다시 확산세로 전환되었다. 각국 정부는 일시적 규제 완화를 중단하고 방역 강화를 다시 시작했다. 이에 따라 여행·항공, 오프라인 소비업종의 회복 기대가 꺾였고, 반면 진단키트, 원격의료, 온라인교육, 플랫폼 기반의 비대면 서비스는 재조명되었다.",2021-07-01,2021-12-01,질병청 보도자료 / KRX 마켓지 146호,
PN_096,공매도 재개 및 유동성 환경 변화,국내 공매도 재개와 미국의 긴축 전환 시그널이 시장의 불확실성과 성장주 조정으로 이어짐,5월 3일부터 약 14개월 만에 공매도가 부분 재개되며 코스피200·코스닥150 종목에서 매도세가 집중되었다. 특히 고평가된 성장주 및 바이오 종목 중심으로 타격이 컸다. 동시에 미국 연준이 테이퍼링을 공식 언급하며 글로벌 유동성 축소 우려가 증폭되었다. 이는 시장 전반의 리스크 회피 심리를 강화시켜 주가 변동성이 커졌다.,2021-07-01,2021-12-01,온국민투자가이드 5월 / 연준 의사록 요약,
PN_097,글로벌 공급망 병목과 에너지 대란,"전 세계 물류, 부품, 에너지의 병목 현상으로 제조업 전반에 생산 차질과 원가 부담이 확대됨","2021년 하반기, 코로나19의 영향으로 촉발된 글로벌 물류 대란과 반도체·부품 부족, 중국 전력난, 유럽 천연가스 가격 급등 등이 겹치며 전 산업에 공급 충격이 발생하였다. 미국 LA항만 적체, 한국 조선·자동차업의 부품 수급 불균형, 유럽 산업용 전기요금 폭등 등이 기업의 실적과 주가에 큰 영향을 끼쳤다.",2021-07-01,2021-12-01,온국민투자가이드 10~11월 / Bloomberg 데이터,
PN_098,한국 기준금리 인상 개시,한은이 선제적으로 기준금리를 인상하면서 통화정책 전환기의 신호탄을 쏨,"한국은행은 2021년 8월, 15개월 만에 기준금리를 기존 0.5%에서 0.75%로 인상하며 주요국 중 선제적으로 금리정상화에 착수하였다. 이는 과열된 가계부채, 주택가격 급등, 물가 상승에 대한 대응 차원이며, 이후 11월에도 추가 인상을 단행해 연 1.0%까지 상향했다. 통화긴축은 채권금리 상승, 유동성 축소를 의미하며, 금리 민감 업종에 직접적인 영향을 미쳤다.",2021-08-01,2021-11-01,"한국은행 기준금리 발표 / 온국민투자가이드 8월, 11월",
PN_099,중국 헝다그룹 디폴트 위기,중국 최대 부동산 기업의 유동성 위기로 신흥국 금융시장에 위기감이 전파됨,"2021년 9월, 중국 헝다그룹의 채무불이행(디폴트) 우려가 불거지며 세계 증시가 급락했다. 총부채 규모가 약 330조 원에 이르는 헝다는 중국 부동산 경기 위축과 규제 강화의 상징이 되었으며, 이후 연쇄적인 중소형 건설사의 유동성 위기가 발생하며 시스템 리스크 우려가 확산되었다. 이는 아시아 금융시장 및 원자재 수출국에 투자심리 위축 요인으로 작용했다.",2021-09-01,2021-11-01,온국민투자가이드 11월 / 경제전망보고서 11월,
PN_100,2022년 확장 예산과 정책주 기대감,정부의 604조 원 규모 예산 편성이 발표되며 정책 테마주가 강세를 보임,"2021년 12월, 2022년도 정부 예산안이 국회를 통과하며 총지출 604.4조 원, 총수입 548.8조 원의 확장적 재정기조가 유지되었다. 탄소중립 예산 14.3조 원, 디지털뉴딜 9.3조 원, SOC 예산 27조 원 등 산업 전환과 인프라 확장 중심으로 편성되었으며, 이에 따라 관련 테마주들이 연말에 강세를 보였다.",2021-12-01,2021-12-01,기획재정부 예산안 발표 / 온국민투자가이드 12월,
PN_101,오토캠핑 산업의 성장,1980년대 이후 우리나라의 오토캠핑 산업이 급속히 성장하고 있음,"1980년대 이후 우리나라의 전체 차량보유대수가 증가하면서 오토캠핑 산업이 발전하였고, 현재는 1백만 대 이상의 자동차가 보급되어 오토캠핑장이 전국 각지에 개장되었으며, 다양한 캠핑산업용품이 보급되고 있다. 이는 국민소득 증가와 오토캠핑 여건 개선이 맞물려 발전하고 있는 것으로 볼 수 있다.",1980년대,현재,"2011년 정책브리핑_2011.json 문서12번 (근거: 1980년대 이후 우리나라의 전체 차량보유대수가 50만 대를 돌파하고 오토캠핑 산업이 발전하였음) [현재연관성: 현재는 코로나19로 인해 국내 여행 수요가 증가하면서 오토캠핑 산업이 더욱 주목받고 있으며, 관련 기업들의 성장과 정부의 관련 정책이 더욱 중요해지고 있다.]",산업동향
PN_102,ETF 시장 성장과 규모 확대,"과거에 ETF가 탄생하고 성장한 과정을 살펴보면서, 현재 ETF 시장의 성장과 규모 확대에 대한 이슈를 파악할 수 있습니다.","ETF가 탄생한 배경과 현대적인 구조로 발전한 과정을 살펴볼 수 있으며, 미국을 중심으로 시작된 ETF 시장이 전 세계로 확대되고 있는 현상을 분석할 수 있습니다. 현재 ETF 시장이 어떻게 성장하고 있는지, 규모가 어떻게 확대되고 있는지에 대한 데이터와 통계를 통해 현재 시장 상황을 파악할 수 있습니다.","1988년, 1993년",현재,"2012년 KRX_정기간행물_연도별자료_2012.json 문서19번 (근거: ETF 시장의 성장과 규모에 대한 데이터 및 통계) [현재연관성: 현재 ETF 시장이 계속해서 성장하고 있으며, 국내외에서 많은 투자자들이 ETF를 활용하고 있습니다. 따라서 ETF 시장의 성장과 규모 확대는 현재 뉴스와 연결될 수 있는 중요한 이슈입니다.]",금융시장
